,author,repo,path,file_type,file_depth,vars_in_file,vars_in_file_alldepths,unique_vars_in_file_alldepths,most_occurring_var,unique_values_in_file_alldepths,most_occurring_value,lines_of_code,language
0,ajcrowe,puppet-supervisord,ajcrowe\puppet-supervisord\.fixtures.yml,<class 'dict'>,5,1,0,0,0,0,0,10,puppet
1,ajcrowe,puppet-supervisord,ajcrowe\puppet-supervisord\.travis.yml,<class 'dict'>,3,9,0,0,0,0,0,27,puppet
2,ajcrowe,puppet-supervisord,ajcrowe\puppet-supervisord\spec\acceptance\nodesets\centos-66-x64.yml,<class 'dict'>,4,2,0,0,0,0,0,10,puppet
3,ajcrowe,puppet-supervisord,ajcrowe\puppet-supervisord\spec\acceptance\nodesets\centos-7-x64-docker.yml,<class 'dict'>,4,2,0,0,0,0,0,9,puppet
4,ajcrowe,puppet-supervisord,ajcrowe\puppet-supervisord\spec\acceptance\nodesets\centos-70-x64.yml,<class 'dict'>,4,2,0,0,0,0,0,10,puppet
5,ajcrowe,puppet-supervisord,ajcrowe\puppet-supervisord\spec\acceptance\nodesets\debian-78-x64.yml,<class 'dict'>,4,2,0,0,0,0,0,10,puppet
6,ajcrowe,puppet-supervisord,ajcrowe\puppet-supervisord\spec\acceptance\nodesets\debian-8-x64-docker.yml,<class 'dict'>,4,2,0,0,0,0,0,13,puppet
7,ajcrowe,puppet-supervisord,ajcrowe\puppet-supervisord\spec\acceptance\nodesets\default.yml,<class 'dict'>,4,2,0,0,0,0,0,10,puppet
8,ajcrowe,puppet-supervisord,ajcrowe\puppet-supervisord\spec\acceptance\nodesets\ubuntu-1404-x64.yml,<class 'dict'>,4,2,0,0,0,0,0,10,puppet
9,ajcrowe,puppet-supervisord,ajcrowe\puppet-supervisord\spec\acceptance\nodesets\ubuntu-1604-x64.yml,<class 'dict'>,4,2,0,0,0,0,0,10,puppet
10,albatrossflavour,puppet_os_patching,albatrossflavour\puppet_os_patching\.fixtures.yml,<class 'dict'>,5,1,0,0,0,0,0,6,puppet
11,albatrossflavour,puppet_os_patching,albatrossflavour\puppet_os_patching\.gitlab-ci.yml,<class 'dict'>,4,6,0,0,0,0,0,41,puppet
12,albatrossflavour,puppet_os_patching,albatrossflavour\puppet_os_patching\.rubocop.yml,<class 'dict'>,3,42,0,0,0,0,0,124,puppet
13,albatrossflavour,puppet_os_patching,albatrossflavour\puppet_os_patching\.travis.yml,<class 'dict'>,2,9,0,0,0,0,0,27,puppet
14,albatrossflavour,puppet_os_patching,albatrossflavour\puppet_os_patching\appveyor.yml,<class 'dict'>,3,11,0,0,0,0,0,63,puppet
15,albatrossflavour,puppet_os_patching,albatrossflavour\puppet_os_patching\bitbucket-pipelines.yml,<class 'dict'>,4,3,0,0,0,0,0,16,puppet
16,albatrossflavour,puppet_os_patching,albatrossflavour\puppet_os_patching\spec\default_facts.yml,<class 'dict'>,2,3,0,0,0,0,0,7,puppet
17,alphagov,govuk-puppet,alphagov\govuk-puppet\.travis.yml,<class 'dict'>,3,9,0,0,0,0,0,32,puppet
18,alphagov,govuk-puppet,alphagov\govuk-puppet\hiera.yml,<class 'dict'>,3,4,0,0,0,0,0,21,puppet
19,alphagov,govuk-puppet,alphagov\govuk-puppet\hiera_aws.yml,<class 'dict'>,3,4,0,0,0,0,0,22,puppet
20,alphagov,govuk-puppet,alphagov\govuk-puppet\modules\govuk_prometheus\files\etc\prometheus\prometheus.yml,<class 'dict'>,4,4,0,0,0,0,0,29,puppet
21,bartavelle,language-puppet,bartavelle\language-puppet\.travis.yml,<class 'dict'>,3,9,0,0,0,0,0,110,puppet
22,biemond,biemond-oradb,biemond\biemond-oradb\.coveralls.yml,<class 'dict'>,2,2,0,0,0,0,0,2,puppet
23,biemond,biemond-oradb,biemond\biemond-oradb\.fixtures.yml,<class 'dict'>,5,1,0,0,0,0,0,6,puppet
24,biemond,biemond-oradb,biemond\biemond-oradb\.gitlab-ci.yml,<class 'dict'>,4,6,0,0,0,0,0,41,puppet
25,biemond,biemond-oradb,biemond\biemond-oradb\.rubocop.yml,<class 'dict'>,3,41,0,0,0,0,0,122,puppet
26,biemond,biemond-oradb,biemond\biemond-oradb\.travis.yml,<class 'dict'>,3,11,0,0,0,0,0,35,puppet
27,biemond,biemond-oradb,biemond\biemond-oradb\appveyor.yml,<class 'dict'>,3,10,0,0,0,0,0,60,puppet
28,biemond,biemond-oradb,biemond\biemond-oradb\spec\default_facts.yml,<class 'dict'>,2,4,0,0,0,0,0,8,puppet
29,biemond,biemond-orawls,biemond\biemond-orawls\.coveralls.yml,<class 'dict'>,2,2,0,0,0,0,0,2,puppet
30,biemond,biemond-orawls,biemond\biemond-orawls\.fixtures.yml,<class 'dict'>,5,1,0,0,0,0,0,14,puppet
31,biemond,biemond-orawls,biemond\biemond-orawls\.gitlab-ci.yml,<class 'dict'>,4,6,0,0,0,0,0,41,puppet
32,biemond,biemond-orawls,biemond\biemond-orawls\.rubocop.yml,<class 'dict'>,3,41,0,0,0,0,0,122,puppet
33,biemond,biemond-orawls,biemond\biemond-orawls\.travis.yml,<class 'dict'>,3,11,0,0,0,0,0,35,puppet
34,biemond,biemond-orawls,biemond\biemond-orawls\appveyor.yml,<class 'dict'>,3,10,0,0,0,0,0,60,puppet
35,biemond,biemond-orawls,biemond\biemond-orawls\spec\default_facts.yml,<class 'dict'>,2,4,0,0,0,0,0,8,puppet
36,biemond,biemond-wildfly,biemond\biemond-wildfly\.codeclimate.yml,<class 'dict'>,6,3,0,0,0,0,0,20,puppet
37,biemond,biemond-wildfly,biemond\biemond-wildfly\.coveralls.yml,<class 'dict'>,2,2,0,0,0,0,0,2,puppet
38,biemond,biemond-wildfly,biemond\biemond-wildfly\.fixtures.yml,<class 'dict'>,5,1,0,0,0,0,0,7,puppet
39,biemond,biemond-wildfly,biemond\biemond-wildfly\.rubocop.yml,<class 'dict'>,3,19,0,0,0,0,0,68,puppet
40,biemond,biemond-wildfly,biemond\biemond-wildfly\.travis.yml,<class 'dict'>,3,9,0,0,0,0,0,66,puppet
41,biemond,biemond-wildfly,biemond\biemond-wildfly\spec\acceptance\nodesets\centos-72-x64.yml,<class 'dict'>,4,2,0,0,0,0,0,11,puppet
42,biemond,biemond-wildfly,biemond\biemond-wildfly\spec\acceptance\nodesets\centos7m_centos7a.yml,<class 'dict'>,4,1,0,0,0,0,0,16,puppet
43,biemond,biemond-wildfly,biemond\biemond-wildfly\spec\acceptance\nodesets\debian-78-x64.yml,<class 'dict'>,4,2,0,0,0,0,0,11,puppet
44,biemond,biemond-wildfly,biemond\biemond-wildfly\spec\acceptance\nodesets\debian-82-x64.yml,<class 'dict'>,4,2,0,0,0,0,0,11,puppet
45,biemond,biemond-wildfly,biemond\biemond-wildfly\spec\acceptance\nodesets\default.yml,<class 'dict'>,4,2,0,0,0,0,0,11,puppet
46,biemond,biemond-wildfly,biemond\biemond-wildfly\spec\acceptance\nodesets\oel-73-x64.yml,<class 'dict'>,4,2,0,0,0,0,0,12,puppet
47,biemond,biemond-wildfly,biemond\biemond-wildfly\spec\acceptance\nodesets\ubuntu-1404-x64.yml,<class 'dict'>,4,2,0,0,0,0,0,11,puppet
48,biemond,biemond-wildfly,biemond\biemond-wildfly\spec\acceptance\nodesets\ubuntu-1604-x64.yml,<class 'dict'>,4,2,0,0,0,0,0,11,puppet
49,biemond,biemond-wildfly,biemond\biemond-wildfly\spec\acceptance\nodesets\docker\centos-6.yml,<class 'dict'>,6,1,0,0,0,0,0,14,puppet
50,biemond,biemond-wildfly,biemond\biemond-wildfly\spec\acceptance\nodesets\docker\centos-7.yml,<class 'dict'>,6,1,0,0,0,0,0,18,puppet
51,biemond,biemond-wildfly,biemond\biemond-wildfly\spec\acceptance\nodesets\docker\debian-7.yml,<class 'dict'>,6,1,0,0,0,0,0,16,puppet
52,biemond,biemond-wildfly,biemond\biemond-wildfly\spec\acceptance\nodesets\docker\debian-8.yml,<class 'dict'>,6,1,0,0,0,0,0,18,puppet
53,biemond,biemond-wildfly,biemond\biemond-wildfly\spec\acceptance\nodesets\docker\ubuntu-1404.yml,<class 'dict'>,6,1,0,0,0,0,0,19,puppet
54,biemond,biemond-wildfly,biemond\biemond-wildfly\spec\acceptance\nodesets\docker\ubuntu-1604.yml,<class 'dict'>,6,1,0,0,0,0,0,17,puppet
55,binford2k,binford2k-node_encrypt,binford2k\binford2k-node_encrypt\.fixtures.yml,<class 'dict'>,4,1,0,0,0,0,0,7,puppet
56,bstopp,puppet-aem,bstopp\puppet-aem\.codeclimate.yml,<class 'dict'>,5,3,0,0,0,0,0,16,puppet
57,bstopp,puppet-aem,bstopp\puppet-aem\.fixtures.yml,<class 'dict'>,4,1,0,0,0,0,0,9,puppet
58,bstopp,puppet-aem,bstopp\puppet-aem\.rubocop.yml,<class 'dict'>,4,9,0,0,0,0,0,42,puppet
59,bstopp,puppet-aem,bstopp\puppet-aem\.rubocop_todo.yml,<class 'dict'>,3,10,0,0,0,0,0,68,puppet
60,bstopp,puppet-aem,bstopp\puppet-aem\.travis.yml,<class 'dict'>,4,4,0,0,0,0,0,19,puppet
61,bstopp,puppet-aem,bstopp\puppet-aem\spec\acceptance\nodesets\centos-7.2-x64.yml,<class 'dict'>,6,2,0,0,0,0,0,30,puppet
62,bstopp,puppet-aem,bstopp\puppet-aem\spec\acceptance\nodesets\debian-7-x64.yml,<class 'dict'>,6,2,0,0,0,0,0,27,puppet
63,bstopp,puppet-aem,bstopp\puppet-aem\spec\acceptance\nodesets\debian-8-x64.yml,<class 'dict'>,4,2,0,0,0,0,0,23,puppet
64,bstopp,puppet-aem,bstopp\puppet-aem\spec\acceptance\nodesets\ubuntu-14.04-x64.yml,<class 'dict'>,4,2,0,0,0,0,0,23,puppet
65,bstopp,puppet-aem,bstopp\puppet-aem\spec\acceptance\nodesets\ubuntu-16.04-x64.yml,<class 'dict'>,4,2,0,0,0,0,0,23,puppet
66,bzed,bzed-letsencrypt,bzed\bzed-letsencrypt\.fixtures.yml,<class 'dict'>,5,1,0,0,0,0,0,13,puppet
67,bzed,bzed-letsencrypt,bzed\bzed-letsencrypt\.msync.yml,<class 'dict'>,2,1,0,0,0,0,0,1,puppet
68,bzed,bzed-letsencrypt,bzed\bzed-letsencrypt\.nodeset.yml,<class 'dict'>,6,2,0,0,0,0,0,11,puppet
69,bzed,bzed-letsencrypt,bzed\bzed-letsencrypt\.rubocop.yml,<class 'dict'>,3,163,0,0,0,0,0,512,puppet
70,bzed,bzed-letsencrypt,bzed\bzed-letsencrypt\.travis.yml,<class 'dict'>,4,9,0,0,0,0,0,50,puppet
71,camptocamp,puppet-augeas,camptocamp\puppet-augeas\.fixtures.yml,<class 'dict'>,4,1,0,0,0,0,0,5,puppet
72,camptocamp,puppet-augeas,camptocamp\puppet-augeas\.sync.yml,<class 'dict'>,3,1,0,0,0,0,0,3,puppet
73,camptocamp,puppet-augeas,camptocamp\puppet-augeas\.travis.yml,<class 'dict'>,4,9,0,0,0,0,0,32,puppet
74,camptocamp,puppet-augeas,camptocamp\puppet-augeas\spec\acceptance\nodesets\centos-5-x86_64-docker.yml,<class 'dict'>,5,2,0,0,0,0,0,15,puppet
75,camptocamp,puppet-augeas,camptocamp\puppet-augeas\spec\acceptance\nodesets\centos-5.yml,<class 'dict'>,5,2,0,0,0,0,0,16,puppet
76,camptocamp,puppet-augeas,camptocamp\puppet-augeas\spec\acceptance\nodesets\centos-6-x86_64-docker.yml,<class 'dict'>,5,2,0,0,0,0,0,15,puppet
77,camptocamp,puppet-augeas,camptocamp\puppet-augeas\spec\acceptance\nodesets\centos-6-x86_64-openstack.yml,<class 'dict'>,5,2,0,0,0,0,0,14,puppet
78,camptocamp,puppet-augeas,camptocamp\puppet-augeas\spec\acceptance\nodesets\centos-6-x86_64-vagrant.yml,<class 'dict'>,5,2,0,0,0,0,0,11,puppet
79,camptocamp,puppet-augeas,camptocamp\puppet-augeas\spec\acceptance\nodesets\centos-6.yml,<class 'dict'>,5,2,0,0,0,0,0,17,puppet
80,camptocamp,puppet-augeas,camptocamp\puppet-augeas\spec\acceptance\nodesets\centos-7-x86_64-docker.yml,<class 'dict'>,5,2,0,0,0,0,0,15,puppet
81,camptocamp,puppet-augeas,camptocamp\puppet-augeas\spec\acceptance\nodesets\centos-7-x86_64-openstack.yml,<class 'dict'>,5,2,0,0,0,0,0,14,puppet
82,camptocamp,puppet-augeas,camptocamp\puppet-augeas\spec\acceptance\nodesets\centos-7-x86_64-vagrant.yml,<class 'dict'>,5,2,0,0,0,0,0,11,puppet
83,camptocamp,puppet-augeas,camptocamp\puppet-augeas\spec\acceptance\nodesets\centos-7.yml,<class 'dict'>,5,2,0,0,0,0,0,15,puppet
84,camptocamp,puppet-augeas,camptocamp\puppet-augeas\spec\acceptance\nodesets\debian-6-x86_64-docker.yml,<class 'dict'>,5,2,0,0,0,0,0,15,puppet
85,camptocamp,puppet-augeas,camptocamp\puppet-augeas\spec\acceptance\nodesets\debian-6-x86_64-openstack.yml,<class 'dict'>,5,2,0,0,0,0,0,14,puppet
86,camptocamp,puppet-augeas,camptocamp\puppet-augeas\spec\acceptance\nodesets\debian-6-x86_64-vagrant.yml,<class 'dict'>,5,2,0,0,0,0,0,11,puppet
87,camptocamp,puppet-augeas,camptocamp\puppet-augeas\spec\acceptance\nodesets\debian-6.yml,<class 'dict'>,5,2,0,0,0,0,0,15,puppet
88,camptocamp,puppet-augeas,camptocamp\puppet-augeas\spec\acceptance\nodesets\debian-7-x86_64-docker.yml,<class 'dict'>,5,2,0,0,0,0,0,15,puppet
89,camptocamp,puppet-augeas,camptocamp\puppet-augeas\spec\acceptance\nodesets\debian-7-x86_64-openstack.yml,<class 'dict'>,5,2,0,0,0,0,0,14,puppet
90,camptocamp,puppet-augeas,camptocamp\puppet-augeas\spec\acceptance\nodesets\debian-7-x86_64-vagrant.yml,<class 'dict'>,5,2,0,0,0,0,0,11,puppet
91,camptocamp,puppet-augeas,camptocamp\puppet-augeas\spec\acceptance\nodesets\debian-7.yml,<class 'dict'>,5,2,0,0,0,0,0,15,puppet
92,camptocamp,puppet-augeas,camptocamp\puppet-augeas\spec\acceptance\nodesets\debian-8-x86_64-docker.yml,<class 'dict'>,5,2,0,0,0,0,0,15,puppet
93,camptocamp,puppet-augeas,camptocamp\puppet-augeas\spec\acceptance\nodesets\debian-8-x86_64-openstack.yml,<class 'dict'>,5,2,0,0,0,0,0,14,puppet
94,camptocamp,puppet-augeas,camptocamp\puppet-augeas\spec\acceptance\nodesets\debian-8-x86_64-vagrant.yml,<class 'dict'>,5,2,0,0,0,0,0,11,puppet
95,camptocamp,puppet-augeas,camptocamp\puppet-augeas\spec\acceptance\nodesets\debian-8.yml,<class 'dict'>,5,2,0,0,0,0,0,16,puppet
96,camptocamp,puppet-augeas,camptocamp\puppet-augeas\spec\acceptance\nodesets\ubuntu-10.04-x86_64-docker.yml,<class 'dict'>,5,2,0,0,0,0,0,13,puppet
97,camptocamp,puppet-augeas,camptocamp\puppet-augeas\spec\acceptance\nodesets\ubuntu-12.04-x86_64-docker.yml,<class 'dict'>,5,2,0,0,0,0,0,15,puppet
98,camptocamp,puppet-augeas,camptocamp\puppet-augeas\spec\acceptance\nodesets\ubuntu-12.04-x86_64-openstack.yml,<class 'dict'>,5,2,0,0,0,0,0,14,puppet
99,camptocamp,puppet-augeas,camptocamp\puppet-augeas\spec\acceptance\nodesets\ubuntu-12.04.yml,<class 'dict'>,5,2,0,0,0,0,0,16,puppet
100,camptocamp,puppet-augeas,camptocamp\puppet-augeas\spec\acceptance\nodesets\ubuntu-14.04-x86_64-docker.yml,<class 'dict'>,5,2,0,0,0,0,0,15,puppet
101,camptocamp,puppet-augeas,camptocamp\puppet-augeas\spec\acceptance\nodesets\ubuntu-14.04-x86_64-openstack.yml,<class 'dict'>,5,2,0,0,0,0,0,14,puppet
102,camptocamp,puppet-augeas,camptocamp\puppet-augeas\spec\acceptance\nodesets\ubuntu-14.04-x86_64-vagrant.yml,<class 'dict'>,5,2,0,0,0,0,0,11,puppet
103,camptocamp,puppet-augeas,camptocamp\puppet-augeas\spec\acceptance\nodesets\ubuntu-14.04.yml,<class 'dict'>,5,2,0,0,0,0,0,18,puppet
104,camptocamp,puppet-augeas,camptocamp\puppet-augeas\spec\acceptance\nodesets\ubuntu-14.10-x86_64-docker.yml,<class 'dict'>,5,2,0,0,0,0,0,15,puppet
105,camptocamp,puppet-augeas,camptocamp\puppet-augeas\spec\acceptance\nodesets\ubuntu-14.10-x86_64-openstack.yml,<class 'dict'>,5,2,0,0,0,0,0,14,puppet
106,camptocamp,puppet-augeas,camptocamp\puppet-augeas\spec\acceptance\nodesets\ubuntu-14.10.yml,<class 'dict'>,5,2,0,0,0,0,0,18,puppet
107,camptocamp,puppet-augeas,camptocamp\puppet-augeas\spec\acceptance\nodesets\ubuntu-15.04-x86_64-docker.yml,<class 'dict'>,5,2,0,0,0,0,0,15,puppet
108,camptocamp,puppet-augeas,camptocamp\puppet-augeas\spec\acceptance\nodesets\ubuntu-15.04-x86_64-openstack.yml,<class 'dict'>,5,2,0,0,0,0,0,14,puppet
109,camptocamp,puppet-augeas,camptocamp\puppet-augeas\spec\acceptance\nodesets\ubuntu-15.04.yml,<class 'dict'>,5,2,0,0,0,0,0,16,puppet
110,camptocamp,puppet-augeas,camptocamp\puppet-augeas\spec\acceptance\nodesets\ubuntu-15.10.yml,<class 'dict'>,5,2,0,0,0,0,0,16,puppet
111,camptocamp,puppet-augeas,camptocamp\puppet-augeas\spec\acceptance\nodesets\ubuntu-16.04.yml,<class 'dict'>,5,2,0,0,0,0,0,16,puppet
112,camptocamp,puppet-catalog-diff-viewer,camptocamp\puppet-catalog-diff-viewer\.travis.yml,<class 'dict'>,2,6,0,0,0,0,0,13,puppet
113,camptocamp,puppet-kmod,camptocamp\puppet-kmod\.fixtures.yml,<class 'dict'>,5,1,0,0,0,0,0,9,puppet
114,camptocamp,puppet-kmod,camptocamp\puppet-kmod\.sync.yml,<class 'dict'>,3,1,0,0,0,0,0,3,puppet
115,camptocamp,puppet-kmod,camptocamp\puppet-kmod\.travis.yml,<class 'dict'>,4,9,0,0,0,0,0,34,puppet
116,camptocamp,puppet-kmod,camptocamp\puppet-kmod\spec\acceptance\nodesets\centos-5-x86_64-docker.yml,<class 'dict'>,5,2,0,0,0,0,0,15,puppet
117,camptocamp,puppet-kmod,camptocamp\puppet-kmod\spec\acceptance\nodesets\centos-5.yml,<class 'dict'>,5,2,0,0,0,0,0,16,puppet
118,camptocamp,puppet-kmod,camptocamp\puppet-kmod\spec\acceptance\nodesets\centos-6-x86_64-docker.yml,<class 'dict'>,5,2,0,0,0,0,0,15,puppet
119,camptocamp,puppet-kmod,camptocamp\puppet-kmod\spec\acceptance\nodesets\centos-6-x86_64-openstack.yml,<class 'dict'>,5,2,0,0,0,0,0,14,puppet
120,camptocamp,puppet-kmod,camptocamp\puppet-kmod\spec\acceptance\nodesets\centos-6-x86_64-vagrant.yml,<class 'dict'>,5,2,0,0,0,0,0,11,puppet
121,camptocamp,puppet-kmod,camptocamp\puppet-kmod\spec\acceptance\nodesets\centos-6.yml,<class 'dict'>,5,2,0,0,0,0,0,17,puppet
122,camptocamp,puppet-kmod,camptocamp\puppet-kmod\spec\acceptance\nodesets\centos-7-x86_64-docker.yml,<class 'dict'>,5,2,0,0,0,0,0,15,puppet
123,camptocamp,puppet-kmod,camptocamp\puppet-kmod\spec\acceptance\nodesets\centos-7-x86_64-openstack.yml,<class 'dict'>,5,2,0,0,0,0,0,14,puppet
124,camptocamp,puppet-kmod,camptocamp\puppet-kmod\spec\acceptance\nodesets\centos-7-x86_64-vagrant.yml,<class 'dict'>,5,2,0,0,0,0,0,11,puppet
125,camptocamp,puppet-kmod,camptocamp\puppet-kmod\spec\acceptance\nodesets\centos-7.yml,<class 'dict'>,5,2,0,0,0,0,0,15,puppet
126,camptocamp,puppet-kmod,camptocamp\puppet-kmod\spec\acceptance\nodesets\debian-6-x86_64-docker.yml,<class 'dict'>,5,2,0,0,0,0,0,15,puppet
127,camptocamp,puppet-kmod,camptocamp\puppet-kmod\spec\acceptance\nodesets\debian-6-x86_64-openstack.yml,<class 'dict'>,5,2,0,0,0,0,0,14,puppet
128,camptocamp,puppet-kmod,camptocamp\puppet-kmod\spec\acceptance\nodesets\debian-6-x86_64-vagrant.yml,<class 'dict'>,5,2,0,0,0,0,0,11,puppet
129,camptocamp,puppet-kmod,camptocamp\puppet-kmod\spec\acceptance\nodesets\debian-6.yml,<class 'dict'>,5,2,0,0,0,0,0,15,puppet
130,camptocamp,puppet-kmod,camptocamp\puppet-kmod\spec\acceptance\nodesets\debian-7-x86_64-docker.yml,<class 'dict'>,5,2,0,0,0,0,0,15,puppet
131,camptocamp,puppet-kmod,camptocamp\puppet-kmod\spec\acceptance\nodesets\debian-7-x86_64-openstack.yml,<class 'dict'>,5,2,0,0,0,0,0,14,puppet
132,camptocamp,puppet-kmod,camptocamp\puppet-kmod\spec\acceptance\nodesets\debian-7-x86_64-vagrant.yml,<class 'dict'>,5,2,0,0,0,0,0,11,puppet
133,camptocamp,puppet-kmod,camptocamp\puppet-kmod\spec\acceptance\nodesets\debian-7.yml,<class 'dict'>,5,2,0,0,0,0,0,15,puppet
134,camptocamp,puppet-kmod,camptocamp\puppet-kmod\spec\acceptance\nodesets\debian-8-x86_64-docker.yml,<class 'dict'>,5,2,0,0,0,0,0,15,puppet
135,camptocamp,puppet-kmod,camptocamp\puppet-kmod\spec\acceptance\nodesets\debian-8-x86_64-openstack.yml,<class 'dict'>,5,2,0,0,0,0,0,14,puppet
136,camptocamp,puppet-kmod,camptocamp\puppet-kmod\spec\acceptance\nodesets\debian-8-x86_64-vagrant.yml,<class 'dict'>,5,2,0,0,0,0,0,11,puppet
137,camptocamp,puppet-kmod,camptocamp\puppet-kmod\spec\acceptance\nodesets\debian-8.yml,<class 'dict'>,5,2,0,0,0,0,0,16,puppet
138,camptocamp,puppet-kmod,camptocamp\puppet-kmod\spec\acceptance\nodesets\debian-9.yml,<class 'dict'>,5,2,0,0,0,0,0,15,puppet
139,camptocamp,puppet-kmod,camptocamp\puppet-kmod\spec\acceptance\nodesets\ubuntu-10.04-x86_64-docker.yml,<class 'dict'>,5,2,0,0,0,0,0,13,puppet
140,camptocamp,puppet-kmod,camptocamp\puppet-kmod\spec\acceptance\nodesets\ubuntu-12.04-x86_64-docker.yml,<class 'dict'>,5,2,0,0,0,0,0,15,puppet
141,camptocamp,puppet-kmod,camptocamp\puppet-kmod\spec\acceptance\nodesets\ubuntu-12.04-x86_64-openstack.yml,<class 'dict'>,5,2,0,0,0,0,0,14,puppet
142,camptocamp,puppet-kmod,camptocamp\puppet-kmod\spec\acceptance\nodesets\ubuntu-12.04.yml,<class 'dict'>,5,2,0,0,0,0,0,16,puppet
143,camptocamp,puppet-kmod,camptocamp\puppet-kmod\spec\acceptance\nodesets\ubuntu-14.04-x86_64-docker.yml,<class 'dict'>,5,2,0,0,0,0,0,15,puppet
144,camptocamp,puppet-kmod,camptocamp\puppet-kmod\spec\acceptance\nodesets\ubuntu-14.04-x86_64-openstack.yml,<class 'dict'>,5,2,0,0,0,0,0,14,puppet
145,camptocamp,puppet-kmod,camptocamp\puppet-kmod\spec\acceptance\nodesets\ubuntu-14.04-x86_64-vagrant.yml,<class 'dict'>,5,2,0,0,0,0,0,11,puppet
146,camptocamp,puppet-kmod,camptocamp\puppet-kmod\spec\acceptance\nodesets\ubuntu-14.04.yml,<class 'dict'>,5,2,0,0,0,0,0,18,puppet
147,camptocamp,puppet-kmod,camptocamp\puppet-kmod\spec\acceptance\nodesets\ubuntu-14.10-x86_64-docker.yml,<class 'dict'>,5,2,0,0,0,0,0,15,puppet
148,camptocamp,puppet-kmod,camptocamp\puppet-kmod\spec\acceptance\nodesets\ubuntu-14.10-x86_64-openstack.yml,<class 'dict'>,5,2,0,0,0,0,0,14,puppet
149,camptocamp,puppet-kmod,camptocamp\puppet-kmod\spec\acceptance\nodesets\ubuntu-14.10.yml,<class 'dict'>,5,2,0,0,0,0,0,18,puppet
150,camptocamp,puppet-kmod,camptocamp\puppet-kmod\spec\acceptance\nodesets\ubuntu-15.04-x86_64-docker.yml,<class 'dict'>,5,2,0,0,0,0,0,15,puppet
151,camptocamp,puppet-kmod,camptocamp\puppet-kmod\spec\acceptance\nodesets\ubuntu-15.04-x86_64-openstack.yml,<class 'dict'>,5,2,0,0,0,0,0,14,puppet
152,camptocamp,puppet-kmod,camptocamp\puppet-kmod\spec\acceptance\nodesets\ubuntu-15.04.yml,<class 'dict'>,5,2,0,0,0,0,0,16,puppet
153,camptocamp,puppet-kmod,camptocamp\puppet-kmod\spec\acceptance\nodesets\ubuntu-15.10.yml,<class 'dict'>,5,2,0,0,0,0,0,16,puppet
154,camptocamp,puppet-kmod,camptocamp\puppet-kmod\spec\acceptance\nodesets\ubuntu-16.04.yml,<class 'dict'>,5,2,0,0,0,0,0,16,puppet
155,camptocamp,puppet-openldap,camptocamp\puppet-openldap\.fixtures.yml,<class 'dict'>,4,1,0,0,0,0,0,7,puppet
156,camptocamp,puppet-openldap,camptocamp\puppet-openldap\.sync.yml,<class 'dict'>,3,1,0,0,0,0,0,5,puppet
157,camptocamp,puppet-openldap,camptocamp\puppet-openldap\.travis.yml,<class 'dict'>,4,9,0,0,0,0,0,81,puppet
158,camptocamp,puppet-openldap,camptocamp\puppet-openldap\spec\acceptance\nodesets\centos-5.yml,<class 'dict'>,5,2,0,0,0,0,0,16,puppet
159,camptocamp,puppet-openldap,camptocamp\puppet-openldap\spec\acceptance\nodesets\centos-6.yml,<class 'dict'>,5,2,0,0,0,0,0,17,puppet
160,camptocamp,puppet-openldap,camptocamp\puppet-openldap\spec\acceptance\nodesets\centos-7.yml,<class 'dict'>,5,2,0,0,0,0,0,15,puppet
161,camptocamp,puppet-openldap,camptocamp\puppet-openldap\spec\acceptance\nodesets\debian-6.yml,<class 'dict'>,5,2,0,0,0,0,0,15,puppet
162,camptocamp,puppet-openldap,camptocamp\puppet-openldap\spec\acceptance\nodesets\debian-7.yml,<class 'dict'>,5,2,0,0,0,0,0,15,puppet
163,camptocamp,puppet-openldap,camptocamp\puppet-openldap\spec\acceptance\nodesets\debian-8.yml,<class 'dict'>,5,2,0,0,0,0,0,16,puppet
164,camptocamp,puppet-openldap,camptocamp\puppet-openldap\spec\acceptance\nodesets\debian-9.yml,<class 'dict'>,5,2,0,0,0,0,0,15,puppet
165,camptocamp,puppet-openldap,camptocamp\puppet-openldap\spec\acceptance\nodesets\ubuntu-12.04.yml,<class 'dict'>,5,2,0,0,0,0,0,16,puppet
166,camptocamp,puppet-openldap,camptocamp\puppet-openldap\spec\acceptance\nodesets\ubuntu-14.04.yml,<class 'dict'>,5,2,0,0,0,0,0,18,puppet
167,camptocamp,puppet-openldap,camptocamp\puppet-openldap\spec\acceptance\nodesets\ubuntu-14.10.yml,<class 'dict'>,5,2,0,0,0,0,0,18,puppet
168,camptocamp,puppet-openldap,camptocamp\puppet-openldap\spec\acceptance\nodesets\ubuntu-15.04.yml,<class 'dict'>,5,2,0,0,0,0,0,16,puppet
169,camptocamp,puppet-openldap,camptocamp\puppet-openldap\spec\acceptance\nodesets\ubuntu-15.10.yml,<class 'dict'>,5,2,0,0,0,0,0,16,puppet
170,camptocamp,puppet-openldap,camptocamp\puppet-openldap\spec\acceptance\nodesets\ubuntu-16.04.yml,<class 'dict'>,5,2,0,0,0,0,0,16,puppet
171,camptocamp,puppet-openssl,camptocamp\puppet-openssl\.fixtures.yml,<class 'dict'>,4,1,0,0,0,0,0,5,puppet
172,camptocamp,puppet-openssl,camptocamp\puppet-openssl\.sync.yml,<class 'dict'>,4,2,0,0,0,0,0,11,puppet
173,camptocamp,puppet-openssl,camptocamp\puppet-openssl\.travis.yml,<class 'dict'>,4,9,0,0,0,0,0,34,puppet
174,camptocamp,puppet-openssl,camptocamp\puppet-openssl\spec\acceptance\nodesets\centos-5-x86_64-docker.yml,<class 'dict'>,5,2,0,0,0,0,0,15,puppet
175,camptocamp,puppet-openssl,camptocamp\puppet-openssl\spec\acceptance\nodesets\centos-5.yml,<class 'dict'>,5,2,0,0,0,0,0,16,puppet
176,camptocamp,puppet-openssl,camptocamp\puppet-openssl\spec\acceptance\nodesets\centos-6-x86_64-docker.yml,<class 'dict'>,5,2,0,0,0,0,0,15,puppet
177,camptocamp,puppet-openssl,camptocamp\puppet-openssl\spec\acceptance\nodesets\centos-6-x86_64-openstack.yml,<class 'dict'>,5,2,0,0,0,0,0,14,puppet
178,camptocamp,puppet-openssl,camptocamp\puppet-openssl\spec\acceptance\nodesets\centos-6-x86_64-vagrant.yml,<class 'dict'>,5,2,0,0,0,0,0,11,puppet
179,camptocamp,puppet-openssl,camptocamp\puppet-openssl\spec\acceptance\nodesets\centos-6.yml,<class 'dict'>,5,2,0,0,0,0,0,17,puppet
180,camptocamp,puppet-openssl,camptocamp\puppet-openssl\spec\acceptance\nodesets\centos-7-x86_64-docker.yml,<class 'dict'>,5,2,0,0,0,0,0,15,puppet
181,camptocamp,puppet-openssl,camptocamp\puppet-openssl\spec\acceptance\nodesets\centos-7-x86_64-openstack.yml,<class 'dict'>,5,2,0,0,0,0,0,14,puppet
182,camptocamp,puppet-openssl,camptocamp\puppet-openssl\spec\acceptance\nodesets\centos-7-x86_64-vagrant.yml,<class 'dict'>,5,2,0,0,0,0,0,11,puppet
183,camptocamp,puppet-openssl,camptocamp\puppet-openssl\spec\acceptance\nodesets\centos-7.yml,<class 'dict'>,5,2,0,0,0,0,0,15,puppet
184,camptocamp,puppet-openssl,camptocamp\puppet-openssl\spec\acceptance\nodesets\debian-6-x86_64-docker.yml,<class 'dict'>,5,2,0,0,0,0,0,15,puppet
185,camptocamp,puppet-openssl,camptocamp\puppet-openssl\spec\acceptance\nodesets\debian-6-x86_64-openstack.yml,<class 'dict'>,5,2,0,0,0,0,0,14,puppet
186,camptocamp,puppet-openssl,camptocamp\puppet-openssl\spec\acceptance\nodesets\debian-6-x86_64-vagrant.yml,<class 'dict'>,5,2,0,0,0,0,0,11,puppet
187,camptocamp,puppet-openssl,camptocamp\puppet-openssl\spec\acceptance\nodesets\debian-6.yml,<class 'dict'>,5,2,0,0,0,0,0,15,puppet
188,camptocamp,puppet-openssl,camptocamp\puppet-openssl\spec\acceptance\nodesets\debian-7-x86_64-docker.yml,<class 'dict'>,5,2,0,0,0,0,0,15,puppet
189,camptocamp,puppet-openssl,camptocamp\puppet-openssl\spec\acceptance\nodesets\debian-7-x86_64-openstack.yml,<class 'dict'>,5,2,0,0,0,0,0,14,puppet
190,camptocamp,puppet-openssl,camptocamp\puppet-openssl\spec\acceptance\nodesets\debian-7-x86_64-vagrant.yml,<class 'dict'>,5,2,0,0,0,0,0,11,puppet
191,camptocamp,puppet-openssl,camptocamp\puppet-openssl\spec\acceptance\nodesets\debian-7.yml,<class 'dict'>,5,2,0,0,0,0,0,15,puppet
192,camptocamp,puppet-openssl,camptocamp\puppet-openssl\spec\acceptance\nodesets\debian-8-x86_64-docker.yml,<class 'dict'>,5,2,0,0,0,0,0,15,puppet
193,camptocamp,puppet-openssl,camptocamp\puppet-openssl\spec\acceptance\nodesets\debian-8-x86_64-openstack.yml,<class 'dict'>,5,2,0,0,0,0,0,14,puppet
194,camptocamp,puppet-openssl,camptocamp\puppet-openssl\spec\acceptance\nodesets\debian-8-x86_64-vagrant.yml,<class 'dict'>,5,2,0,0,0,0,0,11,puppet
195,camptocamp,puppet-openssl,camptocamp\puppet-openssl\spec\acceptance\nodesets\debian-8.yml,<class 'dict'>,5,2,0,0,0,0,0,16,puppet
196,camptocamp,puppet-openssl,camptocamp\puppet-openssl\spec\acceptance\nodesets\debian-9.yml,<class 'dict'>,5,2,0,0,0,0,0,15,puppet
197,camptocamp,puppet-openssl,camptocamp\puppet-openssl\spec\acceptance\nodesets\ubuntu-10.04-x86_64-docker.yml,<class 'dict'>,5,2,0,0,0,0,0,13,puppet
198,camptocamp,puppet-openssl,camptocamp\puppet-openssl\spec\acceptance\nodesets\ubuntu-12.04-x86_64-docker.yml,<class 'dict'>,5,2,0,0,0,0,0,15,puppet
199,camptocamp,puppet-openssl,camptocamp\puppet-openssl\spec\acceptance\nodesets\ubuntu-12.04-x86_64-openstack.yml,<class 'dict'>,5,2,0,0,0,0,0,14,puppet
200,camptocamp,puppet-openssl,camptocamp\puppet-openssl\spec\acceptance\nodesets\ubuntu-12.04.yml,<class 'dict'>,5,2,0,0,0,0,0,16,puppet
201,camptocamp,puppet-openssl,camptocamp\puppet-openssl\spec\acceptance\nodesets\ubuntu-14.04-x86_64-docker.yml,<class 'dict'>,5,2,0,0,0,0,0,15,puppet
202,camptocamp,puppet-openssl,camptocamp\puppet-openssl\spec\acceptance\nodesets\ubuntu-14.04-x86_64-openstack.yml,<class 'dict'>,5,2,0,0,0,0,0,14,puppet
203,camptocamp,puppet-openssl,camptocamp\puppet-openssl\spec\acceptance\nodesets\ubuntu-14.04-x86_64-vagrant.yml,<class 'dict'>,5,2,0,0,0,0,0,11,puppet
204,camptocamp,puppet-openssl,camptocamp\puppet-openssl\spec\acceptance\nodesets\ubuntu-14.04.yml,<class 'dict'>,5,2,0,0,0,0,0,18,puppet
205,camptocamp,puppet-openssl,camptocamp\puppet-openssl\spec\acceptance\nodesets\ubuntu-14.10-x86_64-docker.yml,<class 'dict'>,5,2,0,0,0,0,0,15,puppet
206,camptocamp,puppet-openssl,camptocamp\puppet-openssl\spec\acceptance\nodesets\ubuntu-14.10-x86_64-openstack.yml,<class 'dict'>,5,2,0,0,0,0,0,14,puppet
207,camptocamp,puppet-openssl,camptocamp\puppet-openssl\spec\acceptance\nodesets\ubuntu-14.10.yml,<class 'dict'>,5,2,0,0,0,0,0,18,puppet
208,camptocamp,puppet-openssl,camptocamp\puppet-openssl\spec\acceptance\nodesets\ubuntu-15.04-x86_64-docker.yml,<class 'dict'>,5,2,0,0,0,0,0,15,puppet
209,camptocamp,puppet-openssl,camptocamp\puppet-openssl\spec\acceptance\nodesets\ubuntu-15.04-x86_64-openstack.yml,<class 'dict'>,5,2,0,0,0,0,0,14,puppet
210,camptocamp,puppet-openssl,camptocamp\puppet-openssl\spec\acceptance\nodesets\ubuntu-15.04.yml,<class 'dict'>,5,2,0,0,0,0,0,16,puppet
211,camptocamp,puppet-openssl,camptocamp\puppet-openssl\spec\acceptance\nodesets\ubuntu-15.10.yml,<class 'dict'>,5,2,0,0,0,0,0,16,puppet
212,camptocamp,puppet-openssl,camptocamp\puppet-openssl\spec\acceptance\nodesets\ubuntu-16.04.yml,<class 'dict'>,5,2,0,0,0,0,0,16,puppet
213,camptocamp,puppet-postfix,camptocamp\puppet-postfix\.fixtures.yml,<class 'dict'>,5,1,0,0,0,0,0,14,puppet
214,camptocamp,puppet-postfix,camptocamp\puppet-postfix\.sync.yml,<class 'dict'>,3,1,0,0,0,0,0,31,puppet
215,camptocamp,puppet-postfix,camptocamp\puppet-postfix\.travis.yml,<class 'dict'>,4,9,0,0,0,0,0,124,puppet
216,camptocamp,puppet-postfix,camptocamp\puppet-postfix\spec\acceptance\nodesets\centos-5.yml,<class 'dict'>,5,2,0,0,0,0,0,16,puppet
217,camptocamp,puppet-postfix,camptocamp\puppet-postfix\spec\acceptance\nodesets\centos-6.yml,<class 'dict'>,5,2,0,0,0,0,0,17,puppet
218,camptocamp,puppet-postfix,camptocamp\puppet-postfix\spec\acceptance\nodesets\centos-7.yml,<class 'dict'>,5,2,0,0,0,0,0,15,puppet
219,camptocamp,puppet-postfix,camptocamp\puppet-postfix\spec\acceptance\nodesets\debian-6.yml,<class 'dict'>,5,2,0,0,0,0,0,15,puppet
220,camptocamp,puppet-postfix,camptocamp\puppet-postfix\spec\acceptance\nodesets\debian-7.yml,<class 'dict'>,5,2,0,0,0,0,0,15,puppet
221,camptocamp,puppet-postfix,camptocamp\puppet-postfix\spec\acceptance\nodesets\debian-8.yml,<class 'dict'>,5,2,0,0,0,0,0,16,puppet
222,camptocamp,puppet-postfix,camptocamp\puppet-postfix\spec\acceptance\nodesets\debian-9.yml,<class 'dict'>,5,2,0,0,0,0,0,15,puppet
223,camptocamp,puppet-postfix,camptocamp\puppet-postfix\spec\acceptance\nodesets\ubuntu-12.04.yml,<class 'dict'>,5,2,0,0,0,0,0,16,puppet
224,camptocamp,puppet-postfix,camptocamp\puppet-postfix\spec\acceptance\nodesets\ubuntu-14.04.yml,<class 'dict'>,5,2,0,0,0,0,0,18,puppet
225,camptocamp,puppet-postfix,camptocamp\puppet-postfix\spec\acceptance\nodesets\ubuntu-14.10.yml,<class 'dict'>,5,2,0,0,0,0,0,18,puppet
226,camptocamp,puppet-postfix,camptocamp\puppet-postfix\spec\acceptance\nodesets\ubuntu-15.04.yml,<class 'dict'>,5,2,0,0,0,0,0,16,puppet
227,camptocamp,puppet-postfix,camptocamp\puppet-postfix\spec\acceptance\nodesets\ubuntu-15.10.yml,<class 'dict'>,5,2,0,0,0,0,0,16,puppet
228,camptocamp,puppet-postfix,camptocamp\puppet-postfix\spec\acceptance\nodesets\ubuntu-16.04.yml,<class 'dict'>,5,2,0,0,0,0,0,16,puppet
229,camptocamp,puppet-systemd,camptocamp\puppet-systemd\.fixtures.yml,<class 'dict'>,4,1,0,0,0,0,0,7,puppet
230,camptocamp,puppet-systemd,camptocamp\puppet-systemd\.sync.yml,<class 'dict'>,3,1,0,0,0,0,0,3,puppet
231,camptocamp,puppet-systemd,camptocamp\puppet-systemd\.travis.yml,<class 'dict'>,4,9,0,0,0,0,0,34,puppet
232,camptocamp,puppet-systemd,camptocamp\puppet-systemd\spec\acceptance\nodesets\centos-5-x86_64-docker.yml,<class 'dict'>,5,2,0,0,0,0,0,15,puppet
233,camptocamp,puppet-systemd,camptocamp\puppet-systemd\spec\acceptance\nodesets\centos-5.yml,<class 'dict'>,5,2,0,0,0,0,0,16,puppet
234,camptocamp,puppet-systemd,camptocamp\puppet-systemd\spec\acceptance\nodesets\centos-6-x86_64-docker.yml,<class 'dict'>,5,2,0,0,0,0,0,15,puppet
235,camptocamp,puppet-systemd,camptocamp\puppet-systemd\spec\acceptance\nodesets\centos-6-x86_64-openstack.yml,<class 'dict'>,5,2,0,0,0,0,0,14,puppet
236,camptocamp,puppet-systemd,camptocamp\puppet-systemd\spec\acceptance\nodesets\centos-6-x86_64-vagrant.yml,<class 'dict'>,5,2,0,0,0,0,0,11,puppet
237,camptocamp,puppet-systemd,camptocamp\puppet-systemd\spec\acceptance\nodesets\centos-6.yml,<class 'dict'>,5,2,0,0,0,0,0,17,puppet
238,camptocamp,puppet-systemd,camptocamp\puppet-systemd\spec\acceptance\nodesets\centos-7-x86_64-docker.yml,<class 'dict'>,5,2,0,0,0,0,0,15,puppet
239,camptocamp,puppet-systemd,camptocamp\puppet-systemd\spec\acceptance\nodesets\centos-7-x86_64-openstack.yml,<class 'dict'>,5,2,0,0,0,0,0,14,puppet
240,camptocamp,puppet-systemd,camptocamp\puppet-systemd\spec\acceptance\nodesets\centos-7-x86_64-vagrant.yml,<class 'dict'>,5,2,0,0,0,0,0,11,puppet
241,camptocamp,puppet-systemd,camptocamp\puppet-systemd\spec\acceptance\nodesets\centos-7.yml,<class 'dict'>,5,2,0,0,0,0,0,15,puppet
242,camptocamp,puppet-systemd,camptocamp\puppet-systemd\spec\acceptance\nodesets\debian-6-x86_64-docker.yml,<class 'dict'>,5,2,0,0,0,0,0,15,puppet
243,camptocamp,puppet-systemd,camptocamp\puppet-systemd\spec\acceptance\nodesets\debian-6-x86_64-openstack.yml,<class 'dict'>,5,2,0,0,0,0,0,14,puppet
244,camptocamp,puppet-systemd,camptocamp\puppet-systemd\spec\acceptance\nodesets\debian-6-x86_64-vagrant.yml,<class 'dict'>,5,2,0,0,0,0,0,11,puppet
245,camptocamp,puppet-systemd,camptocamp\puppet-systemd\spec\acceptance\nodesets\debian-6.yml,<class 'dict'>,5,2,0,0,0,0,0,15,puppet
246,camptocamp,puppet-systemd,camptocamp\puppet-systemd\spec\acceptance\nodesets\debian-7-x86_64-docker.yml,<class 'dict'>,5,2,0,0,0,0,0,15,puppet
247,camptocamp,puppet-systemd,camptocamp\puppet-systemd\spec\acceptance\nodesets\debian-7-x86_64-openstack.yml,<class 'dict'>,5,2,0,0,0,0,0,14,puppet
248,camptocamp,puppet-systemd,camptocamp\puppet-systemd\spec\acceptance\nodesets\debian-7-x86_64-vagrant.yml,<class 'dict'>,5,2,0,0,0,0,0,11,puppet
249,camptocamp,puppet-systemd,camptocamp\puppet-systemd\spec\acceptance\nodesets\debian-7.yml,<class 'dict'>,5,2,0,0,0,0,0,15,puppet
250,camptocamp,puppet-systemd,camptocamp\puppet-systemd\spec\acceptance\nodesets\debian-8-x86_64-docker.yml,<class 'dict'>,5,2,0,0,0,0,0,15,puppet
251,camptocamp,puppet-systemd,camptocamp\puppet-systemd\spec\acceptance\nodesets\debian-8-x86_64-openstack.yml,<class 'dict'>,5,2,0,0,0,0,0,14,puppet
252,camptocamp,puppet-systemd,camptocamp\puppet-systemd\spec\acceptance\nodesets\debian-8-x86_64-vagrant.yml,<class 'dict'>,5,2,0,0,0,0,0,11,puppet
253,camptocamp,puppet-systemd,camptocamp\puppet-systemd\spec\acceptance\nodesets\debian-8.yml,<class 'dict'>,5,2,0,0,0,0,0,16,puppet
254,camptocamp,puppet-systemd,camptocamp\puppet-systemd\spec\acceptance\nodesets\ubuntu-10.04-x86_64-docker.yml,<class 'dict'>,5,2,0,0,0,0,0,13,puppet
255,camptocamp,puppet-systemd,camptocamp\puppet-systemd\spec\acceptance\nodesets\ubuntu-12.04-x86_64-docker.yml,<class 'dict'>,5,2,0,0,0,0,0,15,puppet
256,camptocamp,puppet-systemd,camptocamp\puppet-systemd\spec\acceptance\nodesets\ubuntu-12.04-x86_64-openstack.yml,<class 'dict'>,5,2,0,0,0,0,0,14,puppet
257,camptocamp,puppet-systemd,camptocamp\puppet-systemd\spec\acceptance\nodesets\ubuntu-12.04.yml,<class 'dict'>,5,2,0,0,0,0,0,16,puppet
258,camptocamp,puppet-systemd,camptocamp\puppet-systemd\spec\acceptance\nodesets\ubuntu-14.04-x86_64-docker.yml,<class 'dict'>,5,2,0,0,0,0,0,15,puppet
259,camptocamp,puppet-systemd,camptocamp\puppet-systemd\spec\acceptance\nodesets\ubuntu-14.04-x86_64-openstack.yml,<class 'dict'>,5,2,0,0,0,0,0,14,puppet
260,camptocamp,puppet-systemd,camptocamp\puppet-systemd\spec\acceptance\nodesets\ubuntu-14.04-x86_64-vagrant.yml,<class 'dict'>,5,2,0,0,0,0,0,11,puppet
261,camptocamp,puppet-systemd,camptocamp\puppet-systemd\spec\acceptance\nodesets\ubuntu-14.04.yml,<class 'dict'>,5,2,0,0,0,0,0,18,puppet
262,camptocamp,puppet-systemd,camptocamp\puppet-systemd\spec\acceptance\nodesets\ubuntu-14.10-x86_64-docker.yml,<class 'dict'>,5,2,0,0,0,0,0,15,puppet
263,camptocamp,puppet-systemd,camptocamp\puppet-systemd\spec\acceptance\nodesets\ubuntu-14.10-x86_64-openstack.yml,<class 'dict'>,5,2,0,0,0,0,0,14,puppet
264,camptocamp,puppet-systemd,camptocamp\puppet-systemd\spec\acceptance\nodesets\ubuntu-14.10.yml,<class 'dict'>,5,2,0,0,0,0,0,18,puppet
265,camptocamp,puppet-systemd,camptocamp\puppet-systemd\spec\acceptance\nodesets\ubuntu-15.04-x86_64-docker.yml,<class 'dict'>,5,2,0,0,0,0,0,15,puppet
266,camptocamp,puppet-systemd,camptocamp\puppet-systemd\spec\acceptance\nodesets\ubuntu-15.04-x86_64-openstack.yml,<class 'dict'>,5,2,0,0,0,0,0,14,puppet
267,camptocamp,puppet-systemd,camptocamp\puppet-systemd\spec\acceptance\nodesets\ubuntu-15.04.yml,<class 'dict'>,5,2,0,0,0,0,0,16,puppet
268,camptocamp,puppet-systemd,camptocamp\puppet-systemd\spec\acceptance\nodesets\ubuntu-15.10.yml,<class 'dict'>,5,2,0,0,0,0,0,16,puppet
269,camptocamp,puppet-systemd,camptocamp\puppet-systemd\spec\acceptance\nodesets\ubuntu-16.04.yml,<class 'dict'>,5,2,0,0,0,0,0,16,puppet
270,camptocamp,puppet-tomcat,camptocamp\puppet-tomcat\.fixtures.yml,<class 'dict'>,4,1,0,0,0,0,0,11,puppet
271,camptocamp,puppet-tomcat,camptocamp\puppet-tomcat\.sync.yml,<class 'dict'>,3,1,0,0,0,0,0,10,puppet
272,camptocamp,puppet-tomcat,camptocamp\puppet-tomcat\.travis.yml,<class 'dict'>,4,10,0,0,0,0,0,75,puppet
273,camptocamp,puppet-tomcat,camptocamp\puppet-tomcat\spec\acceptance\nodesets\centos-5.yml,<class 'dict'>,5,2,0,0,0,0,0,16,puppet
274,camptocamp,puppet-tomcat,camptocamp\puppet-tomcat\spec\acceptance\nodesets\centos-6.yml,<class 'dict'>,5,2,0,0,0,0,0,17,puppet
275,camptocamp,puppet-tomcat,camptocamp\puppet-tomcat\spec\acceptance\nodesets\centos-7.yml,<class 'dict'>,5,2,0,0,0,0,0,15,puppet
276,camptocamp,puppet-tomcat,camptocamp\puppet-tomcat\spec\acceptance\nodesets\debian-6.yml,<class 'dict'>,5,2,0,0,0,0,0,15,puppet
277,camptocamp,puppet-tomcat,camptocamp\puppet-tomcat\spec\acceptance\nodesets\debian-7.yml,<class 'dict'>,5,2,0,0,0,0,0,15,puppet
278,camptocamp,puppet-tomcat,camptocamp\puppet-tomcat\spec\acceptance\nodesets\debian-8.yml,<class 'dict'>,5,2,0,0,0,0,0,16,puppet
279,camptocamp,puppet-tomcat,camptocamp\puppet-tomcat\spec\acceptance\nodesets\ubuntu-12.04.yml,<class 'dict'>,5,2,0,0,0,0,0,16,puppet
280,camptocamp,puppet-tomcat,camptocamp\puppet-tomcat\spec\acceptance\nodesets\ubuntu-14.04.yml,<class 'dict'>,5,2,0,0,0,0,0,18,puppet
281,camptocamp,puppet-tomcat,camptocamp\puppet-tomcat\spec\acceptance\nodesets\ubuntu-14.10.yml,<class 'dict'>,5,2,0,0,0,0,0,18,puppet
282,camptocamp,puppet-tomcat,camptocamp\puppet-tomcat\spec\acceptance\nodesets\ubuntu-15.04.yml,<class 'dict'>,5,2,0,0,0,0,0,16,puppet
283,camptocamp,puppet-tomcat,camptocamp\puppet-tomcat\spec\acceptance\nodesets\ubuntu-15.10.yml,<class 'dict'>,5,2,0,0,0,0,0,16,puppet
284,camptocamp,puppet-tomcat,camptocamp\puppet-tomcat\spec\acceptance\nodesets\ubuntu-16.04.yml,<class 'dict'>,5,2,0,0,0,0,0,16,puppet
285,choria-io,mcollective-choria,choria-io\mcollective-choria\.rubocop.yml,<class 'dict'>,3,49,0,0,0,0,0,165,puppet
286,choria-io,mcollective-choria,choria-io\mcollective-choria\.circleci\config.yml,<class 'dict'>,4,3,0,0,0,0,0,15,puppet
287,choria-legacy,mcollective-puppet-agent,choria-legacy\mcollective-puppet-agent\.travis.yml,<class 'dict'>,3,6,0,0,0,0,0,14,puppet
288,claranet,puppet-consul_template,claranet\puppet-consul_template\.fixtures.yml,<class 'dict'>,5,1,0,0,0,0,0,14,puppet
289,claranet,puppet-consul_template,claranet\puppet-consul_template\.rubocop.yml,<class 'dict'>,3,40,0,0,0,0,0,118,puppet
290,claranet,puppet-consul_template,claranet\puppet-consul_template\.sync.yml,<class 'dict'>,3,4,0,0,0,0,0,14,puppet
291,claranet,puppet-consul_template,claranet\puppet-consul_template\.travis.yml,<class 'dict'>,4,13,0,0,0,0,0,44,puppet
292,claranet,puppet-consul_template,claranet\puppet-consul_template\spec\default_facts.yml,<class 'dict'>,2,4,0,0,0,0,0,8,puppet
293,claranet,puppet-consul_template,claranet\puppet-consul_template\spec\acceptance\nodesets\centos-511-x64.yml,<class 'dict'>,4,2,0,0,0,0,0,12,puppet
294,claranet,puppet-consul_template,claranet\puppet-consul_template\spec\acceptance\nodesets\centos-64-x64.yml,<class 'dict'>,4,2,0,0,0,0,0,11,puppet
295,claranet,puppet-consul_template,claranet\puppet-consul_template\spec\acceptance\nodesets\centos-65-x64.yml,<class 'dict'>,4,2,0,0,0,0,0,12,puppet
296,claranet,puppet-consul_template,claranet\puppet-consul_template\spec\acceptance\nodesets\centos-7-x64.yml,<class 'dict'>,4,2,0,0,0,0,0,12,puppet
297,claranet,puppet-consul_template,claranet\puppet-consul_template\spec\acceptance\nodesets\debian-609-x64.yml,<class 'dict'>,4,2,0,0,0,0,0,12,puppet
298,claranet,puppet-consul_template,claranet\puppet-consul_template\spec\acceptance\nodesets\debian-76-x64.yml,<class 'dict'>,4,2,0,0,0,0,0,12,puppet
299,claranet,puppet-consul_template,claranet\puppet-consul_template\spec\acceptance\nodesets\default.yml,<class 'dict'>,4,2,0,0,0,0,0,12,puppet
300,claranet,puppet-consul_template,claranet\puppet-consul_template\spec\acceptance\nodesets\fedora-20-x64.yml,<class 'dict'>,4,2,0,0,0,0,0,12,puppet
301,claranet,puppet-consul_template,claranet\puppet-consul_template\spec\acceptance\nodesets\ubuntu-server-1204-x64.yml,<class 'dict'>,4,2,0,0,0,0,0,12,puppet
302,claranet,puppet-consul_template,claranet\puppet-consul_template\spec\acceptance\nodesets\ubuntu-server-12042-x64.yml,<class 'dict'>,4,2,0,0,0,0,0,12,puppet
303,claranet,puppet-consul_template,claranet\puppet-consul_template\spec\acceptance\nodesets\ubuntu-server-1404-x64.yml,<class 'dict'>,4,2,0,0,0,0,0,12,puppet
304,crayfishx,puppet-firewalld,crayfishx\puppet-firewalld\.fixtures.yml,<class 'dict'>,5,1,0,0,0,0,0,9,puppet
305,crayfishx,puppet-firewalld,crayfishx\puppet-firewalld\.travis.yml,<class 'dict'>,3,4,0,0,0,0,0,28,puppet
306,crayfishx,puppet-firewalld,crayfishx\puppet-firewalld\spec\acceptance\nodesets\default.yml,<class 'dict'>,4,1,0,0,0,0,0,6,puppet
307,dalen,puppet-puppetdbquery,dalen\puppet-puppetdbquery\.rubocop.yml,<class 'dict'>,3,1,0,0,0,0,0,3,puppet
308,dalen,puppet-puppetdbquery,dalen\puppet-puppetdbquery\.travis.yml,<class 'dict'>,2,4,0,0,0,0,0,24,puppet
309,danieldreier,autosign,danieldreier\autosign\.travis.yml,<class 'dict'>,4,10,0,0,0,0,0,48,puppet
